,country,year,lifeexpectancy,adultmortality,infantdeaths,alcohol,percentageexpenditure,hepatitisb,measles,bmi,under-fivedeaths,polio,totalexpenditure,diphtheria,hiv/aids,gdp,population,thinness1-19years,thinness5-9years,incomecompositionofresources,schooling,fdi,birth_per_woman,water,roads,military,cellphone,status_Developed
9,afghanistan,2006,57.3,295.0,84,0.03,17.17151751,64.0,1990,14.7,116,58.0,7.43,58.0,0.1,272.56377000000003,2589345.0,19.2,19.3,0.405,8.1,3.41400388707376,6.65,38.4,29.3,1.8962341353953098,2520366.0,0
10,afghanistan,2005,57.3,291.0,85,0.02,1.388647732,66.0,1296,14.2,118,58.0,8.7,58.0,0.1,25.2941299,257798.0,19.3,19.5,0.396,7.9,4.3645335437657895,6.83,36.3,27.5,1.99206802087501,1200000.0,0
11,afghanistan,2004,57.0,293.0,87,0.02,15.29606643,67.0,466,13.8,120,5.0,8.79,5.0,0.1,219.1413528,24118979.0,19.5,19.7,0.381,6.8,3.57581862928125,6.99,34.1,23.7,2.43125786929857,600000.0,0
29,albania,2002,73.3,15.0,1,3.73,104.5169157,96.0,16,46.9,1,98.0,6.3,98.0,0.1,1453.642777,3511.0,2.0,2.1,0.67,10.7,3.10482570131248,1.98,87.9,39.0,1.3200344943320401,851000.0,0
30,albania,2001,73.6,14.0,1,4.25,96.20557078,96.0,18,46.0,1,97.0,6.0,97.0,0.1,1326.97339,36173.0,2.1,2.1,0.662,10.6,5.28543453663519,2.07,87.9,39.0,1.30929137475594,392650.0,0
31,albania,2000,72.6,11.0,1,3.66,91.71154052,96.0,662,45.0,1,97.0,6.26,97.0,0.1,1175.7889810000001,38927.0,2.1,2.2,0.6559999999999999,10.7,4.10877603723822,2.16,87.9,39.0,1.2463602418921598,29791.0,0
38,algeria,2009,74.4,123.0,20,0.5,352.0636419,94.0,107,52.8,23,94.0,5.36,95.0,0.1,3868.83123,3546576.0,6.0,5.9,0.705,13.1,2.00191984407776,2.83,92.2,74.0,3.8485136982934396,32729824.0,0
39,algeria,2008,74.1,126.0,20,0.46,43.08717334,91.0,217,51.8,23,92.0,4.2,93.0,0.1,495.254866,3486715.0,6.0,5.9,0.6970000000000001,12.6,1.5430672371928102,2.75,91.9,73.5,3.0247471409038598,27031472.0,0
43,algeria,2004,72.3,14.0,19,0.45,220.39369900000003,81.0,3289,47.9,23,86.0,3.54,86.0,0.1,2598.9823,3283196.0,6.2,6.1,0.6729999999999999,11.7,1.03352171781236,2.44,90.9,70.2,3.2838845233139,4882414.0,0
92,argentina,2003,74.1,137.0,11,7.62,57.58467352,73.0,0,55.7,13,95.0,8.22,96.0,0.1,333.4376,3839379.0,1.2,1.0,0.77,16.4,1.29481086883944,2.5,96.9,30.0,1.0608950570483802,7842233.0,0
102,armenia,2009,73.3,137.0,1,3.96,201.18554609999998,93.0,0,5.7,1,94.0,4.55,93.0,0.1,2993.832531,2888584.0,2.0,2.1,0.725,11.9,8.788694552480889,1.6,97.9,93.6,4.15704990783508,2191500.0,0
103,armenia,2008,73.2,14.0,1,3.96,2.8888979,89.0,0,5.1,1,91.0,3.8,89.0,0.1,41.26997,29822.0,2.0,2.1,0.721,12.3,8.09234920917782,1.4,97.6,90.5,3.3955793627065702,1442000.0,0
104,armenia,2007,73.5,132.0,1,3.99,44.57219966,85.0,1,49.7,1,9.0,4.31,88.0,0.1,3138.8873,293356.0,2.0,2.1,0.7070000000000001,11.7,7.25233197719082,1.4,97.3,89.0,3.04257470127966,1876411.0,0
105,armenia,2006,72.9,141.0,1,4.01,244.5352767,78.0,137,49.2,1,87.0,4.58,87.0,0.1,2158.299,29585.0,2.0,2.1,0.6920000000000001,11.2,7.3073150316137,1.3,97.0,89.0,2.9476131562586403,1259762.0,0
106,armenia,2005,73.0,137.0,1,4.25,20.21822828,91.0,2281,48.8,1,92.0,5.25,9.0,0.1,1643.758397,2981259.0,2.0,2.1,0.679,10.9,5.96010633958357,1.4,96.7,90.0,2.87193136291811,318044.0,0
107,armenia,2004,73.0,132.0,1,3.81,97.74087744,91.0,1783,48.4,1,93.0,5.5,91.0,0.1,1191.96192,3612.0,2.0,2.1,0.6679999999999999,10.9,6.909902013030949,1.4,96.3,90.1,2.74199670493715,203309.0,0
108,armenia,2003,72.7,134.0,1,3.03,7.341493148,93.0,4,48.1,1,96.0,5.56,94.0,0.1,93.1661567,31786.0,2.0,2.1,0.657,10.8,4.376570096726581,1.4,96.0,91.3,2.72837221377968,114379.0,0
118,australia,2009,81.7,66.0,1,10.62,7172.275229000001,94.0,104,63.4,1,92.0,9.5,92.0,0.1,42742.998980000004,216917.0,0.7,0.6,0.925,19.1,3.09151820481379,1.94,99.9,43.5,1.9291796909408199,22200000.0,1
119,australia,2008,81.3,66.0,1,10.76,8547.292356999998,94.0,65,62.9,1,92.0,8.78,92.0,0.1,49664.6854,212492.0,0.7,0.6,0.9209999999999999,19.1,4.28465048042784,1.94,99.8,42.7,1.79723901240042,22120000.0,1
120,australia,2007,81.3,66.0,1,10.56,872.5986092,94.0,11,62.5,2,92.0,8.53,92.0,0.1,4991.98289,28276.0,0.7,0.6,0.9179999999999999,19.0,5.20924970813456,1.92,99.8,42.5,1.81459966869133,21260000.0,1
123,australia,2004,86.0,69.0,1,9.84,588.568371,95.0,70,6.9,1,92.0,8.57,92.0,0.1,3472.3797700000005,21274.0,0.7,0.6,0.9079999999999999,20.7,7.00544417278242,1.82,99.8,41.6,1.8274107694048602,16480000.0,1
134,austria,2009,82.0,77.0,0,11.3,8053.557637999999,83.0,49,54.7,0,83.0,11.19,83.0,0.1,47654.187210000004,8343323.0,1.7,1.9,0.87,15.3,3.5734768412160802,1.39,100.0,100.0,0.8333795646929241,11434000.0,1
135,austria,2008,84.0,76.0,0,12.0,8329.731655,83.0,448,54.2,0,83.0,1.6,83.0,0.1,51386.37665,8321496.0,1.7,1.9,0.8640000000000001,15.1,1.4643800456260299,1.41,100.0,100.0,0.870705123070585,10816000.0,1
136,austria,2007,81.0,8.0,0,12.5,7453.8644,85.0,20,53.7,0,85.0,1.4,85.0,0.1,46586.6525,8295487.0,1.7,1.9,0.86,15.2,17.7173406826104,1.38,100.0,100.0,0.9004571727870301,9912000.0,1
137,austria,2006,79.8,81.0,0,12.4,69.92899358,83.0,23,53.2,0,83.0,1.35,83.0,0.1,443.99361,8268641.0,1.7,1.9,0.8540000000000001,15.0,3.1251494779180096,1.41,100.0,100.0,0.7858132444591971,9281000.0,1
138,austria,2005,79.4,85.0,0,12.4,5992.588029,86.0,9,52.7,0,86.0,1.53,86.0,0.1,38242.4252,8227829.0,1.7,1.9,0.848,14.9,25.665397147098304,1.41,100.0,100.0,0.8501425740262629,8665000.0,1
140,austria,2003,78.8,88.0,0,12.2,504.4308735,83.0,90,51.7,0,84.0,1.48,84.0,0.1,3212.9355,8121423.0,1.7,1.9,0.8370000000000001,14.7,2.36726090513175,1.38,100.0,100.0,0.913640318789259,7274000.0,1
141,austria,2002,78.7,9.0,0,12.5,3979.057728,81.0,0,51.2,0,82.0,1.27,83.0,0.1,26351.37568,881957.0,1.7,1.9,0.847,16.1,0.0648363837437951,1.39,100.0,100.0,0.88352783657309,6736000.0,1
142,austria,2001,78.6,92.0,0,12.4,3582.8483079999996,44.0,0,5.6,0,83.0,1.12,84.0,0.1,24489.73553,842293.0,1.7,1.9,0.8370000000000001,15.5,2.8830929822832503,1.33,100.0,100.0,0.9082400407095091,6541000.0,1
143,austria,2000,78.1,96.0,0,13.2,3557.455507,33.0,0,5.1,0,71.0,1.6,81.0,0.1,24517.26745,811566.0,1.7,1.9,0.833,15.4,4.319625509488279,1.37,100.0,100.0,0.9803185800859301,6117000.0,1
153,azerbaijan,2006,69.2,154.0,6,0.85,105.6337264,52.0,222,45.3,7,8.0,6.17,78.0,0.1,2473.8577600000003,848455.0,2.9,2.9,0.682,10.7,21.379063620360398,1.82,82.2,50.6,3.4177593325580697,3323500.0,0
155,azerbaijan,2004,68.4,154.0,6,0.62,8.59680496,5.0,827,44.2,8,78.0,7.92,77.0,0.1,145.2163,8365.0,3.0,3.0,0.6679999999999999,11.0,54.365272196431505,1.84,79.2,49.4,2.62948113760521,1456523.0,0
204,bangladesh,2003,66.8,161.0,196,0.01,35.48458957,5.0,4067,11.6,264,9.0,2.51,87.0,0.1,432.7388972,139191.0,2.3,2.9,0.484,7.9,0.445960783298092,2.8,95.7,9.5,1.13828694171388,1365000.0,0
234,belarus,2005,68.1,252.0,1,11.01,45.65007798,99.0,1,56.7,1,98.0,6.89,99.0,0.1,3126.71767,9663915.0,2.3,2.5,0.713,14.4,1.0149774617279699,1.32,98.8,88.6,1.4984531353018702,4099500.0,0
235,belarus,2004,68.2,247.0,1,12.05,42.33443901,99.0,2,56.2,1,99.0,6.59,99.0,0.1,2378.33927,973146.0,2.4,2.5,0.703,14.1,0.707732068059162,1.29,99.1,87.0,1.35822231382833,2239287.0,0
236,belarus,2003,67.7,253.0,1,11.17,23.83578594,56.0,21,55.8,1,53.0,6.59,5.0,0.1,1819.525644,9796749.0,2.5,2.6,0.695,13.9,0.963663960967926,1.26,99.3,86.4,1.29906390002339,1118000.0,0
246,belgium,2009,79.8,85.0,0,10.05,671.9376566000001,97.0,33,61.6,1,98.0,1.39,98.0,0.1,4488.5615,1796493.0,0.9,0.9,0.8759999999999999,15.8,16.0704608746845,1.81,100.0,78.2,1.16003992188797,11775240.0,1
247,belgium,2008,79.5,87.0,0,10.47,7191.051506999999,98.0,98,61.3,1,99.0,9.6,99.0,0.1,48424.58927,179973.0,0.8,0.8,0.8740000000000001,15.8,36.953251497725894,1.81,100.0,78.2,1.2138983166693,11341704.0,1
248,belgium,2007,79.5,86.0,0,10.25,640.3560918,94.0,64,6.9,1,99.0,9.25,98.0,0.1,4443.8313100000005,16257.0,0.8,0.8,0.871,15.8,20.528738142323,1.8,100.0,78.2,1.09453530115676,10738121.0,1
249,belgium,2006,79.4,85.0,0,10.98,5579.1990829999995,94.0,15,6.6,1,99.0,9.17,98.0,0.1,38852.3613,1547958.0,0.8,0.8,0.865,15.7,14.419942628684401,1.78,100.0,78.2,1.05123918569066,9847375.0,1
250,belgium,2005,78.9,89.0,0,12.27,5068.2144880000005,77.0,26,6.2,1,97.0,9.24,97.0,0.1,36967.28292,1478617.0,0.8,0.8,0.861,15.7,8.730432334370759,1.76,100.0,78.2,1.09156005763437,9604695.0,1
251,belgium,2004,78.8,91.0,1,12.05,5160.508378,64.0,61,59.8,1,96.0,9.32,95.0,0.1,35589.71295,1421137.0,0.8,0.8,0.88,18.8,12.0742736119187,1.73,100.0,78.0,1.14927213880449,9131705.0,1
252,belgium,2003,78.3,95.0,0,11.28,507.30616399999997,64.0,44,59.4,1,96.0,9.3,95.0,0.1,3743.95693,1376133.0,0.8,0.8,0.878,18.6,10.888865298062198,1.7,100.0,78.0,1.21498815616525,8605834.0,1
253,belgium,2002,78.0,99.0,1,11.29,320.3177664,6.0,0,59.0,1,96.0,8.46,95.0,0.1,2552.3328,1332785.0,0.8,0.8,0.875,18.8,7.04585014771891,1.68,100.0,78.2,1.2157122077646298,8101777.0,1
254,belgium,2001,78.0,1.0,1,11.01,2943.375396,6.0,83,58.5,1,96.0,8.29,95.0,0.1,23121.56635,128657.0,0.8,0.8,0.873,18.2,37.2887334759807,1.65,100.0,78.3,1.27650416647228,7697000.0,1
255,belgium,2000,77.6,11.0,1,11.21,287.20845289999994,6.0,0,58.1,1,96.0,8.12,95.0,0.1,2327.4591,125125.0,0.8,0.8,0.8690000000000001,18.0,37.5685906251901,1.63,100.0,78.2,1.34121027642881,5629000.0,1
270,belize,2001,68.2,21.0,0,4.9,251.6586929,96.0,0,41.4,0,96.0,4.5,96.0,0.4,3419.2757189999998,254984.0,3.7,3.7,0.677,11.8,7.01659059566149,3.5,88.1,17.0,0.855039571027126,39155.0,0
271,belize,2000,68.3,196.0,0,4.79,219.0239836,76.0,0,4.8,0,91.0,3.98,91.0,0.3,3364.423711,247315.0,3.8,3.7,0.6679999999999999,11.7,3.5531343354375697,3.6,87.4,17.0,0.8552520882158521,16812.0,0
283,benin,2004,56.1,285.0,25,1.15,10.73628066,75.0,262,2.1,39,74.0,4.56,72.0,2.1,583.493514,7754.0,8.9,8.8,0.423,8.1,-0.9001925655728149,5.69,62.8,9.5,0.924055932345307,459322.0,0
330,bosniaandherzegovina,2005,75.0,12.0,0,4.56,45.71354264,93.0,23,5.5,0,95.0,8.5,93.0,0.1,2968.41186,378153.0,2.9,2.9,0.0,12.5,5.55836616875831,1.29,97.0,52.3,1.5442196576407798,1594367.0,0
346,botswana,2005,51.7,566.0,2,6.37,629.8425642999999,92.0,5,32.7,3,96.0,5.62,96.0,20.6,5351.253732,1855852.0,1.0,9.9,0.593,11.9,4.2377195400391505,2.99,76.3,32.6,2.85800418504025,563782.0,0
347,botswana,2004,48.1,652.0,2,4.9,469.5823898,91.0,1,32.2,4,96.0,5.56,96.0,28.4,4896.583835,182933.0,1.5,1.4,0.58,11.8,4.36383783971726,3.04,76.1,33.2,3.5058740413487404,522840.0,0
348,botswana,2003,46.4,693.0,2,5.51,299.3671252,9.0,59,31.6,4,96.0,4.65,96.0,31.9,4163.6596,184339.0,1.9,1.8,0.5670000000000001,11.8,5.56528441298635,3.11,75.9,35.1,4.00736658870518,444978.0,0
349,botswana,2002,46.0,699.0,2,6.41,6.3300072,88.0,7,31.1,4,97.0,6.47,97.0,34.6,355.618382,1779953.0,11.4,11.3,0.5579999999999999,11.9,7.50153608792891,3.19,75.8,35.3,4.1102064895165595,332264.0,0
367,brazil,2000,75.0,183.0,111,7.26,179.4777293,94.0,36,43.7,127,99.0,7.3,98.0,0.1,3739.11936,175287587.0,3.4,3.4,0.677,14.1,5.034128681702099,2.3,93.7,5.5,1.73072614713627,23188171.0,0
394,bulgaria,2005,72.1,16.0,1,10.48,456.3404657,96.0,3,59.7,1,97.0,7.8,96.0,0.1,3893.6899799999997,7658972.0,2.2,2.3,0.745,13.5,13.827903593362999,1.34,99.6,98.4,2.36007701439325,6244922.0,1
427,burundi,2004,52.6,378.0,24,5.72,11.22655347,83.0,2,13.8,38,76.0,7.1,83.0,4.8,127.4296648,7182451.0,8.4,8.4,0.27899999999999997,5.2,0.00488285714415742,6.76,53.0,10.4,4.90326684339249,100560.0,0
487,cameroon,2008,54.2,382.0,56,5.9,68.70730440000001,84.0,495,24.9,87,82.0,5.18,84.0,6.7,1233.524316,18978.0,6.4,6.5,0.466,8.8,0.0791785264987869,5.22,60.2,17.0,1.48607373789824,6160893.0,0
489,cameroon,2006,53.3,394.0,58,5.22,0.962497052,81.0,196,23.8,91,78.0,4.69,81.0,7.2,12.989164,17899562.0,6.7,6.8,0.456,8.2,0.305174785433481,5.31,60.0,17.4,1.4311051930758998,3135946.0,0
507,canada,2004,80.0,77.0,2,7.8,5513.329924000001,14.0,7,6.6,2,91.0,9.56,91.0,0.1,31979.87195,31995.0,0.5,0.4,0.8809999999999999,15.8,0.141948898332128,1.55,99.1,39.9,1.10796602708278,15020000.0,0
550,chile,2009,79.3,91.0,2,7.67,181.525923,94.0,1,59.9,2,94.0,7.39,94.0,0.1,1243.32824,16829442.0,0.8,0.9,0.816,15.3,8.037105618325759,1.9,98.2,22.4,2.26703956909053,16450223.0,0
551,chile,2008,79.6,88.0,2,7.31,241.55333810000002,95.0,0,59.3,2,95.0,6.87,95.0,0.1,1781.3668,16661942.0,0.9,0.9,0.804,15.2,10.283487668176,1.93,97.9,21.8,2.5858318761462002,14796593.0,0
552,chile,2007,78.9,9.0,2,7.39,209.4875875,92.0,0,58.7,2,95.0,6.35,96.0,0.1,1526.87746,16491687.0,0.9,0.9,0.797,14.8,7.761691958993749,1.95,97.6,21.4,2.3188022022883503,13955202.0,0
553,chile,2006,78.9,91.0,2,7.33,1275.689625,95.0,0,58.1,2,94.0,6.18,94.0,0.1,9484.681227,16319792.0,0.9,0.9,0.7959999999999999,14.9,4.9010189252585,1.96,97.4,21.3,2.49083177991398,12450801.0,0
567,china,2008,74.5,97.0,266,4.27,39.22509728,95.0,131441,26.5,308,99.0,4.59,97.0,0.1,3471.247547,1324655.0,4.5,4.0,0.672,11.9,3.7336350391517996,1.58,87.0,53.5,1.87568853278407,641245000.0,0
568,china,2007,74.4,96.0,285,3.88,312.6624819,92.0,109023,25.7,332,94.0,4.32,93.0,0.1,2695.366223,1317885.0,4.7,4.1,0.659,11.4,4.40096521655138,1.58,86.2,49.6,1.90431095555058,547306000.0,0
569,china,2006,74.2,98.0,307,3.28,29.74342979,91.0,99602,24.9,360,94.0,4.52,93.0,0.1,299.229676,13112.0,4.8,4.3,0.6459999999999999,11.0,4.50857901572192,1.57,85.3,44.1,1.99465265061962,461058000.0,0
570,china,2005,73.9,99.0,332,2.92,171.65960259999997,84.0,124219,24.1,392,87.0,4.66,87.0,0.1,1753.4178,13372.0,5.0,4.4,0.634,10.6,4.5542540339296105,1.57,84.5,40.8,1.98886432028757,393406000.0,0
631,costarica,2009,79.2,96.0,1,4.07,24.88720369,87.0,0,54.4,1,8.0,9.69,86.0,0.1,689.3962240000001,4488263.0,1.9,1.8,0.747,13.1,5.2830161320082905,1.95,97.9,25.9,0.0,1950318.0,0
632,costarica,2008,78.9,99.0,1,4.22,1859.0956210000002,89.0,0,53.4,1,89.0,9.1,9.0,0.1,6911.136136,442958.0,1.9,1.8,0.74,12.9,7.957789248851499,1.98,97.5,25.3,0.0,1886570.0,0
633,costarica,2007,78.9,93.0,1,4.2,150.8891479,89.0,0,52.4,1,89.0,8.37,89.0,0.1,612.623418,4369469.0,1.9,1.9,0.7340000000000001,12.8,8.381297938526309,2.01,97.2,25.5,0.0,1508219.0,0
634,costarica,2006,78.0,16.0,1,4.15,1185.412346,88.0,0,51.4,1,89.0,7.82,89.0,0.1,5245.187372,438794.0,2.0,1.9,0.727,12.6,7.96807843373227,2.03,96.8,25.2,0.0,1443717.0,0
636,costarica,2004,77.7,12.0,1,4.09,1043.10795,89.0,0,49.3,1,9.0,7.8,9.0,0.1,4425.57467,418738.0,2.1,2.0,0.7190000000000001,12.2,5.84878346249791,2.11,96.0,24.4,0.0,923084.0,0
637,costarica,2003,78.0,1.0,1,4.04,1070.2689990000001,86.0,1,48.3,1,88.0,8.45,88.0,0.1,4167.71417,4125971.0,2.2,2.1,0.715,12.1,4.50329028809674,2.16,95.6,24.6,0.0,778299.0,0
638,costarica,2002,78.3,99.0,1,4.17,112.9493745,94.0,0,47.3,1,94.0,8.23,94.0,0.1,462.14965,46324.0,2.2,2.2,0.7120000000000001,11.9,4.3815909182448,2.22,95.1,22.0,0.0,502478.0,0
639,costarica,2001,77.5,1.0,1,4.29,868.3713593,8.0,0,46.4,1,92.0,7.25,91.0,0.1,3981.52847,3996798.0,2.3,2.2,0.708,11.7,3.90769943439117,2.29,94.6,22.0,0.0,326944.0,0
640,costarica,2000,77.6,98.0,1,4.34,94.17819458,89.0,0,45.4,1,8.0,7.12,88.0,0.1,388.363689,3925443.0,2.4,2.3,0.7020000000000001,11.6,4.83912982984772,2.37,94.1,22.0,0.0,211614.0,0
647,croatia,2009,76.3,19.0,0,12.21,2160.3801989999997,97.0,2,6.0,0,96.0,8.18,96.0,0.1,14157.14416,442978.0,1.7,1.6,0.8029999999999999,14.2,5.10453323288636,1.45,99.2,90.5,1.80045046868212,4675017.0,1
648,croatia,2008,76.0,116.0,0,12.06,2425.403891,97.0,51,59.4,0,96.0,7.7,96.0,0.1,15893.8656,443458.0,1.7,1.7,0.8,14.3,7.38074428031165,1.43,99.1,86.9,1.8391379517934099,4554777.0,1
649,croatia,2007,75.8,114.0,0,12.56,2019.8127789999999,95.0,0,58.7,0,96.0,7.44,96.0,0.1,13546.698719999999,4436.0,1.8,1.7,0.7929999999999999,14.3,7.589151527657481,1.41,99.0,89.1,1.6284306152931898,5034582.0,1
679,cyprus,2009,79.3,6.0,0,10.8,230.25241839999998,96.0,0,57.3,0,99.0,7.4,99.0,0.1,3215.8159,19876.0,0.9,1.0,0.8490000000000001,14.1,249.108048567272,1.44,99.8,64.9,1.8170104956052802,977521.0,1
680,cyprus,2008,79.1,62.0,0,12.01,239.64099380000002,93.0,1,56.8,0,97.0,6.89,97.0,0.1,3539.7488,181563.0,0.9,1.0,0.8440000000000001,13.7,44.1638687211385,1.46,99.8,64.6,1.62999656690523,1016739.0,1
681,cyprus,2007,78.9,63.0,0,11.56,1958.525877,93.0,0,56.3,0,97.0,6.5,97.0,0.1,31386.63265,163712.0,0.9,1.0,0.836,13.5,9.57344136774281,1.48,99.9,64.0,1.68459956211832,988312.0,1
682,cyprus,2006,78.8,64.0,0,11.47,1700.841534,93.0,0,55.8,0,97.0,6.28,97.0,0.1,27169.992560000002,14559.0,0.9,1.0,0.8290000000000001,13.4,9.325550994965269,1.5,99.9,65.0,1.8999976250029702,867785.0,1
683,cyprus,2005,78.7,65.0,0,11.41,1562.520827,88.0,1,55.3,0,98.0,6.37,98.0,0.1,25324.48666,127658.0,0.9,1.0,0.826,13.5,6.303627115954889,1.52,99.9,64.6,2.0374696057772903,782503.0,1
684,cyprus,2004,78.6,65.0,0,13.03,1586.7241720000002,88.0,0,54.8,0,98.0,6.42,98.0,0.1,23932.491280000002,1141.0,0.9,1.0,0.823,13.4,6.45961962556633,1.55,99.9,63.0,1.9557691617927,658234.0,1
685,cyprus,2003,78.5,66.0,0,10.62,158.70873989999998,88.0,0,54.3,0,98.0,6.83,98.0,0.1,2293.4789,993563.0,0.9,1.0,0.815,13.0,6.24271140036787,1.58,100.0,63.0,1.9851631243571601,551752.0,1
686,cyprus,2002,78.4,68.0,0,11.68,1128.050886,88.0,0,53.8,0,98.0,6.12,98.0,0.1,16372.291519999999,976966.0,0.9,1.0,0.805,12.5,9.66223911887501,1.61,100.0,62.2,2.1301607353618004,417933.0,1
687,cyprus,2001,78.2,69.0,0,10.16,100.8086193,89.0,0,53.3,0,97.0,5.78,97.0,0.1,1562.92433,96282.0,0.9,1.0,0.8,12.4,9.085903295432109,1.66,100.0,61.2,3.15322215947894,314355.0,1
688,cyprus,2000,78.1,7.0,0,9.56,950.8027925000001,89.0,0,52.8,0,97.0,5.77,97.0,0.1,14672.8826,943286.0,0.9,1.0,0.7979999999999999,12.5,8.560861195385769,1.72,100.0,60.6,2.8220901513395398,218324.0,1
784,dominicanrepublic,2001,71.2,188.0,7,6.13,340.02399449999996,66.0,113,44.1,9,71.0,5.59,72.0,2.5,2862.154836,8697126.0,3.8,3.6,0.6559999999999999,12.3,4.24972367772863,2.86,90.3,49.4,1.2134960521134501,1270082.0,0
785,dominicanrepublic,2000,72.0,176.0,7,6.58,44.79247812,68.0,253,43.1,9,71.0,5.9,78.0,2.5,282.4242,8562622.0,3.8,3.7,0.6509999999999999,12.2,4.06910203731887,2.89,89.8,49.4,1.03009647155323,705431.0,0
794,ecuador,2007,74.7,14.0,7,3.63,19.60467787,94.0,0,48.6,9,95.0,5.94,96.0,0.2,359.71886,1425453.0,1.4,1.3,0.696,12.9,0.38008425054477507,2.74,87.4,14.8,2.56823582019659,9939977.0,0
795,ecuador,2006,74.4,144.0,8,3.52,19.13983284,96.0,0,47.9,9,92.0,5.86,96.0,0.3,335.786541,1396748.0,1.4,1.3,0.693,12.8,0.5799508511423129,2.76,86.7,14.8,2.02982587683564,8485050.0,0
797,ecuador,2004,74.4,148.0,8,3.65,16.37920405,88.0,0,46.5,9,9.0,6.22,88.0,0.3,278.557892,1359647.0,1.5,1.3,0.682,12.7,2.28724133046501,2.83,85.2,15.0,1.9403327987761998,3544174.0,0
798,ecuador,2003,74.4,151.0,8,3.69,18.26183281,82.0,0,45.8,10,97.0,6.46,87.0,0.3,244.46898,1328961.0,1.5,1.4,0.679,12.6,2.68713110026757,2.87,84.5,14.9,2.2785533646602003,2398161.0,0
799,ecuador,2002,73.6,157.0,8,3.88,187.3843511,75.0,0,45.1,10,88.0,4.62,88.0,0.3,2183.966796,13726.0,1.5,1.4,0.675,12.5,2.74357251922969,2.91,83.8,16.9,1.76889198532555,1560861.0,0
800,ecuador,2001,73.4,158.0,9,4.13,14.588740300000001,69.0,2,44.3,10,9.0,3.86,89.0,0.3,193.741571,12852755.0,1.6,1.5,0.67,12.4,2.2010848604506,2.97,83.1,16.9,1.56937598177954,859152.0,0
801,ecuador,2000,72.8,163.0,9,3.99,84.17527008,36.0,0,43.6,11,83.0,3.38,87.0,0.3,1451.29776,12628596.0,1.6,1.5,0.6679999999999999,12.4,-0.127889942196138,3.03,82.4,18.9,1.45207595274333,482213.0,0
832,elsalvador,2001,68.9,219.0,4,2.88,332.1056586,75.0,2,46.2,4,94.0,8.2,92.0,0.4,2338.7722440000002,595962.0,2.1,2.0,0.615,11.6,2.2707041485317,2.9,78.0,19.8,1.09067003863398,857782.0,0
833,elsalvador,2000,69.0,218.0,4,2.79,353.6690328,99.0,0,45.3,5,98.0,8.17,99.0,0.4,2238.4116,5867626.0,2.1,2.0,0.607,11.3,1.4713709274601698,3.02,77.8,19.8,0.840331038102095,743628.0,0
874,estonia,2007,73.0,189.0,0,17.87,1904.1246899999999,95.0,1,56.3,0,95.0,5.16,95.0,0.1,16586.452,13468.0,2.0,2.1,0.8290000000000001,16.1,15.277140066503598,1.62,99.4,28.6,1.99798142324145,1681849.0,0
876,estonia,2005,72.8,189.0,0,15.52,153.5045263,95.0,2,55.5,0,96.0,5.2,96.0,0.1,1338.31322,1354775.0,2.1,2.2,0.812,15.9,22.182051467728897,1.54,99.3,22.7,1.8992575545610801,1445300.0,0
877,estonia,2004,72.3,195.0,0,15.07,101.12011609999999,9.0,0,55.2,0,95.0,5.13,94.0,0.1,885.4651150000001,136255.0,2.2,2.3,0.805,15.7,8.94653564799708,1.48,99.3,22.1,1.6996892247017,1255731.0,0
890,ethiopia,2007,58.5,39.0,186,1.06,30.46451811,47.0,1446,14.5,286,61.0,4.69,5.0,2.8,243.32682200000002,8149.0,11.3,11.0,0.36200000000000004,7.1,1.12647092519686,5.36,29.0,13.7,1.86327401952308,1208498.0,0
912,fiji,2001,67.8,221.0,0,1.93,20.711912899999998,98.0,17,51.2,0,92.0,3.28,91.0,0.1,238.891729,814218.0,4.3,4.0,0.6829999999999999,13.2,2.48791265548582,3.05,94.6,49.2,1.97650995967867,80933.0,0
913,fiji,2000,67.7,221.0,0,2.05,31.25834616,98.0,0,5.2,0,91.0,3.87,9.0,0.1,276.1338,811223.0,4.3,4.0,0.6809999999999999,13.1,0.0351149987054547,3.09,94.6,49.2,1.9024792484704798,55057.0,0
936,france,2009,81.1,88.0,3,11.8,6415.35735,51.0,1541,59.6,3,98.0,11.28,98.0,0.1,41631.13141,647744.0,0.6,0.6,0.879,16.0,0.6848106259361209,1.99,100.0,100.0,2.48633820520527,57918000.0,0
937,france,2008,89.0,88.0,3,11.9,7002.785925,47.0,604,59.1,3,98.0,1.57,98.0,0.1,45413.6571,6437499.0,0.6,0.6,0.877,16.1,2.3299700359381803,1.98,100.0,100.0,2.26176733354079,57972000.0,0
938,france,2007,89.0,89.0,3,12.2,64.73714894,42.0,39,58.6,3,99.0,1.45,98.0,0.1,416.58397,6416229.0,0.6,0.6,0.873,16.1,3.1528368457017897,1.97,100.0,100.0,2.2805146907322698,55358100.0,0
939,france,2006,86.0,92.0,3,12.4,5689.9919310000005,39.0,40,58.0,4,99.0,1.53,99.0,0.1,36544.5853,63621376.0,0.6,0.6,0.87,16.1,3.4053855757959104,1.96,99.9,100.0,2.3513771331455096,51662000.0,0
940,france,2005,81.0,93.0,3,12.2,5451.701225,35.0,36,57.5,4,98.0,1.6,98.0,0.1,34879.72633,63179356.0,0.6,0.6,0.86,15.5,3.8766927722001703,1.94,99.9,100.0,2.40924625050611,48088000.0,0
941,france,2004,82.0,94.0,3,13.18,5291.234786,35.0,4448,57.0,4,99.0,1.53,98.0,0.1,33874.74255,6274897.0,0.6,0.6,0.857,15.5,1.6830278737318798,1.92,99.9,100.0,2.50525375597338,44544000.0,0
942,france,2003,79.3,99.0,3,13.49,4572.441963,28.0,0,56.4,4,96.0,1.43,97.0,0.1,29691.18158,62244884.0,0.6,0.6,0.852,15.4,2.30107265381256,1.89,99.9,100.0,2.49493151877822,41702000.0,0
943,france,2002,79.2,11.0,3,13.78,3779.655273,29.0,5185,55.8,4,97.0,1.22,97.0,0.1,24275.2426,6185267.0,0.7,0.6,0.851,15.5,3.44983900300987,1.87,99.9,100.0,2.43609355919309,38585300.0,0
944,france,2001,79.0,13.0,3,13.89,3451.185079,28.0,0,55.2,4,98.0,9.89,97.0,0.1,22527.31775,61357431.0,0.7,0.6,0.8490000000000001,15.6,3.6428127196957005,1.84,99.9,100.0,2.41756598621766,36997400.0,0
945,france,2000,78.8,13.0,3,13.63,3410.284431,26.0,10000,54.6,4,98.0,9.77,97.0,0.1,22465.64184,6912498.0,0.7,0.6,0.8440000000000001,15.7,3.03829068496787,1.82,99.9,100.0,2.4822380857373796,29052360.0,0
986,georgia,2007,74.4,12.0,1,8.65,106.164686,94.0,44,49.9,1,88.0,8.17,98.0,0.1,2492.12878,482.0,2.7,2.9,0.722,12.5,18.5993892603923,1.77,94.9,94.1,9.15910508538408,2599714.0,0
987,georgia,2006,73.9,126.0,1,6.18,110.11382859999999,84.0,334,49.2,1,89.0,8.39,88.0,0.1,1872.6841600000002,4136.0,2.7,2.9,0.7140000000000001,12.6,15.123755846045999,1.71,94.6,94.1,5.21831195295107,1703888.0,0
1006,germany,2003,78.5,9.0,3,11.92,582.6157028,9.0,779,56.6,4,96.0,1.62,97.0,0.1,3359.95215,82534176.0,1.1,1.1,0.872,16.3,2.62011797882026,1.35,100.0,100.0,1.3990486829303401,64800000.0,1
1016,ghana,2009,66.0,271.0,41,1.76,30.72290501,94.0,101,24.9,60,94.0,5.17,94.0,2.1,186.76538,2393831.0,7.3,7.2,0.542,10.4,9.132935172346858,4.31,73.4,12.6,0.45535236365668996,15108916.0,0
1017,ghana,2008,63.0,275.0,41,1.78,161.01064350000001,93.0,82,24.2,61,92.0,4.85,93.0,2.2,1224.41554,2329864.0,7.5,7.4,0.53,9.8,9.51704250807144,4.35,72.4,16.1,0.39844462007443704,11570430.0,0
1020,ghana,2005,58.9,296.0,41,1.5,78.71123825,84.0,435,22.4,62,85.0,4.51,84.0,3.1,498.17239400000005,215429.0,8.1,8.1,0.499,8.1,1.35086603235836,4.49,69.3,14.9,0.3674592972885829,2874560.0,0
1022,ghana,2003,57.9,38.0,41,1.53,31.09435342,8.0,1939,21.2,63,8.0,3.12,8.0,3.4,373.2815537,2446782.0,8.6,8.5,0.489,7.9,1.7917153528614198,4.61,67.3,17.9,0.42851277702141904,795529.0,0
1041,greece,2000,78.2,84.0,1,8.48,122.1823517,89.0,56,57.4,1,89.0,7.6,89.0,0.1,1242.9537300000002,18588.0,0.9,0.8,0.794,13.9,-0.00629772311721894,1.32,99.6,91.8,3.4653553200888103,5932403.0,0
1120,guyana,2001,65.4,247.0,1,6.71,15.54978677,85.0,0,36.4,1,9.0,5.82,85.0,1.7,925.5825460000001,752263.0,5.9,5.7,0.606,10.9,7.8633178365234,2.99,88.4,7.4,2.0179456234117703,75320.0,0
1152,honduras,2001,71.3,171.0,6,2.74,15.36175284,95.0,0,39.6,8,99.0,6.88,96.0,1.6,113.4546,669361.0,2.7,2.7,0.557,9.9,4.0950571838953795,3.94,85.4,20.4,0.8226105153286261,237629.0,0
1153,honduras,2000,71.0,174.0,6,2.61,28.80831098,93.0,0,38.8,8,88.0,6.63,94.0,1.7,188.783165,6524283.0,2.8,2.7,0.551,9.8,4.92683334120925,4.06,84.8,20.4,0.7299290604589409,155271.0,0
1193,india,2008,65.5,23.0,1300,1.93,43.03043312,29.0,44258,14.9,1800,69.0,4.34,7.0,0.3,991.484634,119714696.0,27.0,27.9,0.556,10.2,3.62052189719656,2.75,85.3,49.5,2.5501948469465696,346890000.0,0
1194,india,2007,65.2,26.0,1400,1.59,5.234770323999999,6.0,41144,14.4,1900,67.0,4.23,64.0,0.3,118.166373,1179681239.0,27.1,28.0,0.546,9.9,2.07339574616693,2.82,84.5,48.2,2.34263388324219,233620000.0,0
1195,india,2006,64.8,28.0,1500,1.37,34.85942671,6.0,64185,13.9,2000,66.0,4.25,65.0,0.3,792.2596980000001,1161977719.0,27.1,28.0,0.536,9.7,2.13016842533494,2.9,83.7,47.7,2.5268086302634503,166050000.0,0
1196,india,2005,64.4,211.0,1500,1.27,3.5096369,8.0,36711,13.5,2000,65.0,4.28,65.0,0.3,77.819,1144118674.0,27.2,28.1,0.526,9.4,0.886100720125194,2.97,82.8,47.0,2.7549076662149603,90140000.0,0
1197,india,2004,64.0,214.0,1600,1.2,27.33800857,6.0,55443,13.0,2100,58.0,4.22,63.0,0.3,621.3183767,1126135777.0,27.2,28.2,0.518,9.2,0.765601404573582,3.04,82.0,48.6,2.82875224798105,52220000.0,0
1208,indonesia,2009,67.9,189.0,143,0.08,125.79806780000001,82.0,20818,22.1,174,85.0,2.83,78.0,0.3,2254.4456600000003,23934478.0,1.7,1.6,0.645,11.7,0.903919419654062,2.49,83.5,56.9,0.6124112589632911,163676961.0,0
1209,indonesia,2008,67.7,189.0,149,0.07,10.26341108,82.0,15369,21.3,181,83.0,2.81,77.0,0.2,216.52766,236159276.0,1.7,1.7,0.6409999999999999,11.7,1.8263290240399799,2.5,82.8,59.1,0.633480779761917,140578243.0,0
1210,indonesia,2007,67.5,19.0,154,0.06,102.63343499999999,76.0,19456,2.5,188,77.0,3.1,73.0,0.2,1855.93915,232989141.0,1.8,1.7,0.638,11.0,1.6030105718879,2.51,82.0,60.9,0.7747874529536379,93386881.0,0
1211,indonesia,2006,67.3,191.0,159,0.06,72.0159316,66.0,20422,19.7,194,78.0,2.91,72.0,0.1,1586.254,22983822.0,1.8,1.8,0.632,10.9,1.3479426455458001,2.51,81.1,53.0,0.716424793814124,63803015.0,0
1212,indonesia,2005,67.2,19.0,163,0.06,5.381782562000001,65.0,15853,19.0,201,79.0,2.79,72.0,0.1,126.92883400000001,22671273.0,1.9,1.9,0.629,11.1,2.91611484304662,2.51,80.3,55.4,0.7507893940049308,46909972.0,0
1213,indonesia,2004,65.3,213.0,174,0.06,55.36107207,64.0,29171,18.2,237,79.0,2.37,71.0,0.1,1148.56996,223614649.0,1.9,1.9,0.624,11.0,0.738243979887563,2.52,79.4,55.3,0.945714621727218,30336607.0,0
1214,indonesia,2003,66.9,189.0,173,0.05,8.460155757999999,64.0,24457,17.5,215,8.0,2.53,71.0,0.1,164.59447,22545214.0,1.9,11.0,0.613,10.8,-0.254256320381005,2.51,78.5,58.3,0.909285036773652,18495251.0,0
1215,indonesia,2002,66.7,189.0,177,0.05,43.17867291,63.0,14492,16.7,222,8.0,2.27,7.0,0.1,899.5556857,2175859.0,11.0,11.1,0.608,10.6,0.0741516383181159,2.51,77.5,58.0,0.700120208801041,11700000.0,0
1216,indonesia,2001,66.5,188.0,182,0.06,33.95837125,62.0,3825,16.0,229,77.0,2.23,76.0,0.1,747.9817455,2145652.0,11.0,11.1,0.604,10.6,-1.8556861930052302,2.51,76.6,58.9,0.5727926527042131,6520947.0,0
1217,indonesia,2000,66.3,188.0,187,0.06,3.43334364,65.0,3344,15.4,237,72.0,1.98,75.0,0.1,78.92744,21154429.0,11.0,11.2,0.597,10.7,-2.75743993350903,2.51,75.7,57.1,0.684483763500435,3669327.0,0
1272,israel,2009,81.5,63.0,1,2.55,508.6645438,98.0,5,62.6,1,96.0,7.46,96.0,0.1,27795.876710000004,74856.0,1.2,1.1,0.8759999999999999,15.6,2.2205333860056697,2.97,100.0,100.0,6.76326747400004,9022000.0,0
1273,israel,2008,81.0,65.0,1,2.47,471.5533294,99.0,931,62.1,1,94.0,7.33,94.0,0.1,29657.4421,7388.0,1.1,1.1,0.877,15.8,4.75425934479171,2.95,100.0,100.0,6.57157373567609,8982000.0,0
1274,israel,2007,84.0,68.0,1,2.33,4.3451016,99.0,539,61.6,1,95.0,7.37,95.0,0.1,258.637,7181.0,1.1,1.1,0.872,15.7,4.91626055431215,2.93,100.0,100.0,6.785634562232961,8902000.0,0
1275,israel,2006,84.0,68.0,1,2.23,33.58620657,96.0,9,61.1,1,94.0,7.38,95.0,0.1,2195.1769,7537.0,1.1,1.1,0.87,15.7,9.345644732738009,2.92,100.0,100.0,7.506691951862201,8403765.0,0
1276,israel,2005,80.0,71.0,1,2.41,250.93433169999997,96.0,2,6.6,1,95.0,7.44,93.0,0.1,2611.17931,6931.0,1.1,1.1,0.866,15.8,3.38064747921386,2.91,100.0,100.0,7.667351779643769,7757000.0,0
1277,israel,2004,81.0,69.0,1,2.23,1895.3427920000001,99.0,116,6.1,1,95.0,7.35,95.0,0.1,19888.172,689.0,1.1,1.1,0.863,15.9,2.17519623498361,2.91,100.0,100.0,8.221410875655192,7221955.0,0
1278,israel,2003,79.7,71.0,1,2.32,1731.755747,98.0,124,59.6,1,93.0,7.44,93.0,0.1,18946.99942,66897.0,1.1,1.1,0.863,16.0,2.61644890889657,2.91,100.0,100.0,8.5384923729126,6618367.0,0
1279,israel,2002,79.3,74.0,1,2.47,1701.195787,98.0,2,59.2,1,91.0,7.49,9.0,0.1,18431.15696,657.0,1.1,1.1,0.855,15.3,1.30651418338116,2.91,100.0,100.0,8.33669219454282,6300008.0,0
1281,israel,2000,78.9,76.0,1,2.53,199.9341033,98.0,36,58.3,1,93.0,7.13,93.0,0.1,2152.1432,6289.0,1.1,1.1,0.845,15.2,6.0807881040412495,2.92,100.0,100.0,7.114009582586781,4400000.0,0
1294,italy,2003,79.9,72.0,2,9.3,3519.258515,95.0,10982,57.0,3,97.0,8.17,96.0,0.1,27387.2258,5731323.0,0.5,0.5,0.841,15.4,1.2433973038618897,1.31,99.9,100.0,1.70899553724228,56770000.0,1
1297,italy,2000,79.4,77.0,3,9.78,31.50582204,94.0,1457,55.0,3,97.0,7.91,87.0,0.1,251.2426,5694218.0,0.5,0.5,0.823,14.8,1.1516557383088,1.25,100.0,100.0,1.74105950432123,42246000.0,1
1308,jamaica,2005,73.5,161.0,1,3.59,16.97511622,99.0,0,46.3,1,99.0,4.7,99.0,1.9,482.24762000000004,2744673.0,1.9,1.7,0.706,12.4,5.693308744275099,2.36,93.1,73.3,0.5276636946188971,1981464.0,0
1309,jamaica,2004,73.3,165.0,1,3.67,192.3226305,98.0,0,45.4,1,97.0,4.8,98.0,2.3,3719.9735100000003,2728777.0,1.9,1.8,0.6890000000000001,11.1,5.51046292791103,2.4,93.4,73.3,0.5359699675595301,1837552.0,0
1310,jamaica,2003,73.1,166.0,1,3.48,155.5884677,36.0,0,44.5,1,99.0,4.56,96.0,2.3,3465.2219979999995,2712511.0,1.9,1.8,0.6940000000000001,11.9,7.27170391728343,2.44,93.6,73.3,0.5815962975886579,1576360.0,0
1336,jordan,2009,73.3,118.0,4,0.59,668.7447334,98.0,0,6.9,4,98.0,9.54,98.0,0.1,3492.1396,6821116.0,3.8,3.8,0.742,13.6,9.99047193652935,3.68,99.2,100.0,6.5840008370091,6014366.0,0
1337,jordan,2008,73.1,119.0,4,0.61,535.2786404,97.0,2,6.1,4,98.0,8.78,97.0,0.1,3385.69665,6489822.0,3.8,3.8,0.7390000000000001,13.6,12.687416046923301,3.69,99.2,100.0,6.182098132810099,5313564.0,0
1338,jordan,2007,73.0,12.0,4,0.6,373.2628643,98.0,41,59.3,4,98.0,8.35,98.0,0.1,2762.86354,6193191.0,3.8,3.8,0.736,13.6,15.1127718216952,3.71,99.2,100.0,6.033917370032389,4771641.0,0
1339,jordan,2006,72.8,121.0,4,0.59,313.36260150000004,98.0,1,58.6,4,98.0,8.8,98.0,0.1,2537.349,5934232.0,3.9,3.8,0.733,13.7,23.2119020235472,3.73,99.2,100.0,4.65932400854871,4343100.0,0
1340,jordan,2005,72.4,127.0,4,0.55,27.44252286,95.0,28,57.8,4,95.0,8.88,95.0,0.1,223.83787,5714111.0,3.9,3.8,0.73,13.8,15.546033717325198,3.75,99.2,100.0,4.79532278988433,3137700.0,0
1341,jordan,2004,72.5,125.0,4,0.54,32.52523612,95.0,21,57.0,4,95.0,9.5,95.0,0.1,261.456882,5535595.0,3.9,3.8,0.723,13.5,8.095912551467919,3.78,99.3,100.0,5.14172128874042,1624110.0,0
1342,jordan,2003,72.3,127.0,4,0.54,228.7838108,97.0,76,56.3,4,97.0,9.15,97.0,0.1,1889.213962,5396774.0,3.9,3.9,0.7170000000000001,13.2,5.29047114933372,3.83,99.3,100.0,6.00105948173936,1325313.0,0
1352,kazakhstan,2009,67.8,235.0,7,6.64,808.243302,99.0,0,48.5,8,99.0,4.13,98.0,0.1,7165.2775,169271.0,2.3,2.5,0.758,14.6,12.380586215739,2.62,90.5,88.5,1.10303324145897,17063200.0,0
1353,kazakhstan,2008,66.6,258.0,8,7.6,708.3285785,99.0,20,47.9,9,99.0,3.65,99.0,0.1,8513.564645,15674.0,2.4,2.5,0.758,14.6,12.603932459159601,2.55,89.8,89.9,1.15466987273328,14910573.0,0
1354,kazakhstan,2007,65.3,288.0,8,7.44,499.730412,94.0,13,47.3,9,94.0,3.19,93.0,0.1,6771.414796999999,15484192.0,2.4,2.5,0.754,14.7,11.419032820396302,2.47,89.1,90.3,1.29687682152726,12322676.0,0
1355,kazakhstan,2006,65.0,295.0,8,7.08,76.19868936,99.0,109,46.8,9,99.0,3.73,99.0,0.1,5291.57565,153884.0,2.4,2.5,0.747,14.3,9.39605364941883,2.37,88.4,91.4,0.97899879573514,7775737.0,0
1356,kazakhstan,2005,64.6,294.0,8,6.94,351.8603267,94.0,16118,46.3,9,99.0,4.7,98.0,0.1,3771.278957,1514729.0,2.4,2.5,0.737,13.9,4.457111443852179,2.26,87.7,91.2,1.03632123942771,5398000.0,0
1357,kazakhstan,2004,64.7,287.0,8,6.55,33.91660183,99.0,2204,45.8,9,99.0,3.95,82.0,0.1,2874.288291,1512985.0,2.5,2.6,0.725,13.5,13.0128589220718,2.16,87.0,93.4,0.988239740954479,2447000.0,0
1358,kazakhstan,2003,64.4,282.0,8,6.58,23.43400762,99.0,24,45.3,9,99.0,3.7,99.0,0.1,268.123657,149918.0,2.5,2.6,0.7140000000000001,13.1,8.05369856338636,2.07,86.3,94.0,1.02992745863145,1330730.0,0
1368,kenya,2009,59.1,317.0,62,1.86,7.1468514039999995,88.0,1218,18.4,91,89.0,4.17,88.0,5.0,92.816252,423724.0,8.2,8.1,0.514,10.7,0.31402717650501194,4.48,53.7,14.3,1.56144803484178,19364559.0,0
1369,kenya,2008,57.9,339.0,64,1.71,60.515350600000005,88.0,1282,17.9,95,88.0,3.9,88.0,6.4,916.8992515000001,39148416.0,8.3,8.2,0.506,10.4,0.266291327300955,4.58,53.0,14.6,1.61585029427424,16303573.0,0
1373,kenya,2004,53.0,432.0,72,1.43,36.29775249,73.0,20,15.9,112,73.0,4.29,73.0,13.2,458.8843551,3574931.0,8.7,8.6,0.461,8.9,0.286194263505208,4.91,50.2,14.1,1.6141942369263602,2546157.0,0
1448,latvia,2009,72.6,184.0,0,9.85,1137.6237,92.0,0,58.5,0,94.0,6.84,94.0,0.1,12219.373790000001,2141669.0,2.3,2.3,0.821,16.4,-0.571493336036068,1.5,98.2,20.9,1.3900550142025199,2303600.0,1
1449,latvia,2008,71.9,199.0,0,11.84,253.4022338,93.0,3,58.1,0,94.0,6.63,94.0,0.1,16348.53121,2177322.0,2.3,2.4,0.8190000000000001,16.3,4.02230580857391,1.49,98.2,20.4,1.6344140245864298,2298610.0,1
1454,latvia,2003,78.0,29.0,0,8.24,478.06449110000005,98.0,0,56.3,0,98.0,6.15,98.0,0.1,5134.95694,2287955.0,2.6,2.6,0.7609999999999999,15.2,2.6991150964522497,1.3,97.9,100.0,1.61002427493687,1219550.0,1
1455,latvia,2002,73.0,219.0,0,7.44,376.4570185,98.0,0,56.0,0,98.0,6.29,97.0,0.1,4132.349270000001,231173.0,2.7,2.7,0.746,14.8,1.6798694813771102,1.25,97.9,100.0,1.54220827552533,917196.0,1
1528,lithuania,2009,72.2,192.0,0,12.4,1446.529217,95.0,0,59.7,0,98.0,7.53,98.0,0.1,11837.3913,3162916.0,2.8,2.9,0.825,16.6,-0.9621239288531129,1.47,93.8,29.4,1.08128394956188,4961499.0,1
1529,lithuania,2008,71.1,224.0,0,13.3,1888.1499039999999,96.0,1,59.3,0,96.0,6.61,96.0,0.1,14961.568180000002,3198231.0,2.9,2.9,0.82,16.5,3.6105346839111094,1.43,93.3,29.2,1.13035515876223,5022638.0,1
1530,lithuania,2007,72.0,24.0,0,13.4,1581.5119140000002,96.0,0,59.0,0,95.0,6.22,95.0,0.1,12297.91535,3231294.0,2.9,3.0,0.812,16.4,6.5469165537440706,1.39,92.9,28.6,1.1124785313789098,4912077.0,1
1531,lithuania,2006,76.0,229.0,0,12.7,116.50496100000001,95.0,1,58.7,0,94.0,6.2,94.0,0.1,924.642548,326999.0,3.0,3.0,0.807,16.4,7.477218898629731,1.35,92.4,28.4,1.16393211987432,4718215.0,1
1532,lithuania,2005,78.0,222.0,0,12.3,913.6995289999999,95.0,1,58.4,0,93.0,5.83,94.0,0.1,7863.1629,3322528.0,3.0,3.1,0.7979999999999999,16.2,4.9479228506761395,1.32,91.9,28.3,1.16221158771479,4353447.0,1
1549,luxembourg,2004,78.7,92.0,0,12.42,12372.051879999999,94.0,0,56.4,0,99.0,8.2,99.0,0.1,75716.3518,45895.0,1.0,0.9,0.867,13.5,14.9332603421191,1.65,100.0,100.0,0.6765578711494461,470000.0,1
1550,luxembourg,2003,78.6,92.0,0,12.61,10111.38928,95.0,1,55.8,0,99.0,7.67,98.0,0.1,65445.8853,45163.0,1.0,0.9,0.865,13.6,14.5179094356825,1.66,100.0,100.0,0.6720689298333311,539000.0,1
1551,luxembourg,2002,78.3,95.0,0,12.91,910.5062777999999,95.0,0,55.2,0,99.0,8.27,99.0,0.1,5293.64115,446175.0,1.0,0.9,0.86,13.5,17.9671209591465,1.67,100.0,100.0,0.649539259487786,473000.0,1
1582,malawi,2003,44.6,613.0,43,1.08,4.3753160939999995,84.0,167,15.2,70,85.0,6.35,84.0,24.2,26.152517,12336687.0,7.6,7.5,0.36200000000000004,10.3,2.05325569469793,6.0,55.8,45.0,0.4087924599506839,135114.0,0
1597,malaysia,2004,73.2,137.0,3,0.49,315.6639322,94.0,5729,29.8,4,95.0,3.74,95.0,0.1,4955.477743,2517419.0,9.2,8.9,0.731,12.7,3.5078726204941297,2.36,97.2,81.3,2.26306196840826,14611000.0,0
1598,malaysia,2003,73.1,138.0,3,0.48,264.24961290000005,95.0,632,28.8,4,96.0,3.95,96.0,0.1,4463.675893,2468873.0,9.3,9.1,0.7240000000000001,12.1,2.92094209456765,2.44,97.3,80.8,2.61480673115727,11124000.0,0
1600,malaysia,2001,72.7,144.0,4,0.53,210.2417002,95.0,2198,27.0,5,95.0,3.4,96.0,0.1,3915.11546,2369897.0,9.7,9.4,0.725,11.9,0.5970293182520799,2.66,97.4,77.9,2.0849228116252,7385000.0,0
1601,malaysia,2000,72.4,149.0,4,0.54,23.37167228,97.0,6187,26.0,5,98.0,3.4,98.0,0.1,445.17470999999995,2318568.0,9.8,9.6,0.715,11.6,4.03842862393764,2.78,97.4,76.2,1.6346755480484099,5121748.0,0
1624,mali,2009,56.0,276.0,55,0.59,84.63438925,71.0,2939,2.2,93,77.0,6.85,73.0,1.6,697.153124,1466597.0,9.0,8.8,0.385,7.1,6.35112285565821,6.61,64.6,24.6,1.41866425479876,4460543.0,0
1625,mali,2008,55.5,278.0,55,0.57,102.1413744,74.0,98,19.6,94,74.0,6.74,74.0,1.6,689.6784227999999,14138216.0,9.2,9.0,0.36,5.8,2.7324134103765,6.67,62.8,25.1,1.46571486807421,3438568.0,0
1628,mali,2005,53.6,29.0,57,0.55,60.21211141,83.0,33,18.0,101,78.0,6.34,77.0,1.9,487.94255599999997,12798763.0,9.9,9.7,0.33799999999999997,5.8,2.56553072539019,6.79,57.5,19.0,1.3843120409343501,761986.0,0
1629,mali,2004,52.8,296.0,58,0.49,57.11644801,73.0,172,17.5,103,7.0,6.28,69.0,2.0,439.35729239999995,1239196.0,1.1,1.0,0.33299999999999996,5.5,1.55828819190094,6.82,55.8,18.0,1.4219988436263702,406861.0,0
1641,malta,2008,80.0,64.0,0,7.14,2655.573684,86.0,1,66.6,0,72.0,8.15,72.0,0.1,21928.767000000003,49379.0,0.7,0.7,0.813,14.6,165.283757570523,1.38,100.0,87.5,0.624147778519886,385636.0,1
1645,malta,2004,78.7,69.0,0,6.53,203.31574990000001,85.0,4,64.5,0,89.0,8.46,89.0,0.1,1519.5497,41268.0,0.7,0.7,0.797,14.2,123.194967870299,1.42,100.0,87.5,0.6705300171598989,306067.0,1
1646,malta,2003,78.5,71.0,0,6.7,1678.392773,89.0,4,63.9,0,94.0,8.6,94.0,0.1,13689.98999,398582.0,0.7,0.7,0.79,13.8,16.704125876631,1.47,100.0,87.5,0.630122908756666,289992.0,1
1660,mauritania,2006,69.0,221.0,8,0.01,55.79836969,68.0,22,24.8,12,68.0,3.21,68.0,1.3,944.134851,322653.0,9.6,9.4,0.466,7.2,5.08438156002566,5.14,50.6,26.9,2.69364721669718,1060122.0,0
1661,mauritania,2005,66.0,223.0,8,0.01,55.12187071,42.0,127,24.2,12,71.0,4.21,71.0,1.3,697.7451989,31372.0,9.8,9.6,0.461,7.2,37.1658805031448,5.18,48.9,30.3,3.05155577623304,745615.0,0
1673,mauritius,2009,72.8,166.0,0,2.83,624.2361827999999,99.0,15,3.2,0,99.0,4.97,99.0,0.1,7318.12641,1247429.0,7.3,7.3,0.7340000000000001,13.8,2.81175510140463,1.62,99.7,98.0,0.173363933218584,1086748.0,0
1674,mauritius,2008,72.7,166.0,0,2.49,6.6489825,99.0,12,29.7,0,99.0,4.6,99.0,0.1,83.635,1244121.0,7.4,7.3,0.728,13.6,3.78088836995991,1.67,99.6,98.0,0.161601948118229,1033300.0,0
1675,mauritius,2007,72.9,161.0,0,3.24,582.5143743,97.0,13,29.1,0,96.0,4.24,97.0,0.1,6574.654338,123963.0,7.5,7.4,0.72,13.5,4.1810803947212705,1.72,99.6,98.0,0.149284010524676,928622.0,0
1676,mauritius,2006,71.8,165.0,0,3.73,502.38449460000004,97.0,3,28.6,0,98.0,4.38,97.0,0.1,5695.969327000001,1233996.0,7.6,7.5,0.713,13.4,1.5188653538078303,1.78,99.5,98.0,0.16065103727441402,772395.0,0
1677,mauritius,2005,72.1,168.0,0,3.94,479.9234077,97.0,7,28.0,0,97.0,4.47,97.0,0.1,5116.45424,1228254.0,7.7,7.6,0.7040000000000001,13.0,0.643837300938996,1.82,99.5,100.0,0.167769653566183,656828.0,0
1678,mauritius,2004,71.9,168.0,0,4.16,509.3899943,98.0,28,27.5,0,98.0,4.29,98.0,0.1,5229.876738,12213.0,7.8,7.7,0.696,12.8,0.21120329617796696,1.87,99.5,100.0,0.16621684973624404,547745.0,0
1679,mauritius,2003,71.5,174.0,0,4.08,407.779262,97.0,777,26.9,0,99.0,4.15,99.0,0.1,4623.347642000001,121337.0,7.9,7.8,0.687,12.6,1.07676585037942,1.9,99.4,100.0,0.187102773867202,462405.0,0
1680,mauritius,2002,71.5,179.0,0,4.14,369.6317105,88.0,0,26.4,0,88.0,4.24,88.0,0.1,3957.51296,124621.0,7.9,7.9,0.6829999999999999,12.5,0.662488345039445,1.94,99.4,98.0,0.196270033883066,347532.0,0
1681,mauritius,2001,71.5,177.0,0,4.38,70.15536981,92.0,0,25.8,0,93.0,3.87,92.0,0.1,3792.1821520000003,1196287.0,8.0,8.0,0.6729999999999999,12.2,-0.5998652249502691,1.96,99.3,98.0,0.194580389102996,272416.0,0
1682,mauritius,2000,71.0,177.0,0,4.6,336.32133260000006,88.0,0,25.3,0,88.0,3.78,88.0,0.1,3861.3241399999997,1186873.0,8.1,8.1,0.667,12.1,5.696405197817531,1.99,99.3,97.0,0.20071881608957604,180000.0,0
1690,mexico,2008,75.6,127.0,37,5.36,159.87722639999998,97.0,0,58.7,43,96.0,6.6,96.0,0.1,9689.52887,11366189.0,1.7,1.6,0.735,12.3,2.90343405608564,2.39,94.7,35.3,0.44501933405749894,75303469.0,0
1691,mexico,2007,76.0,123.0,38,5.35,105.74761310000001,98.0,0,57.9,45,98.0,5.92,98.0,0.1,933.3416869999999,111836346.0,1.7,1.7,0.731,12.3,3.1426598093785096,2.42,94.0,35.0,0.45405647716335995,66559462.0,0
1692,mexico,2006,75.8,125.0,40,5.11,980.2537444,98.0,23,57.2,47,98.0,5.83,98.0,0.1,8767.92258,1192378.0,1.8,1.7,0.723,12.2,2.12019192416611,2.46,93.3,33.5,0.41855190982629903,55395461.0,0
1693,mexico,2005,75.3,126.0,42,4.93,998.3498049000001,98.0,6,56.4,49,98.0,6.4,98.0,0.1,7986.798439,18472228.0,1.8,1.7,0.7190000000000001,12.2,2.96511280795953,2.5,92.6,37.0,0.412720404783549,47128746.0,0
1694,mexico,2004,75.4,124.0,44,4.9,920.8284115,98.0,64,55.7,52,98.0,6.11,98.0,0.1,7199.59665,16995583.0,1.8,1.8,0.7140000000000001,12.1,3.18521616377124,2.54,91.9,36.3,0.4000060063653211,38451135.0,0
1695,mexico,2003,75.0,127.0,46,4.88,781.2062827999999,98.0,44,54.9,55,98.0,6.2,98.0,0.1,6751.998987000001,1564453.0,1.9,1.8,0.708,11.9,2.49864343929278,2.58,91.2,35.8,0.44497200960532596,30097700.0,0
1696,mexico,2002,75.0,127.0,49,4.77,12.185972300000001,97.0,0,54.1,58,98.0,5.52,97.0,0.1,716.8219,1435568.0,1.9,1.8,0.703,11.6,3.11551958010871,2.62,90.5,33.5,0.46243935029914,25928266.0,0
1698,mexico,2000,74.8,129.0,55,4.99,10.22840118,97.0,30,52.4,66,97.0,4.98,97.0,0.1,672.92113,11719673.0,2.0,1.9,0.6940000000000001,11.4,2.59670994264157,2.72,89.0,32.8,0.488964056578519,14077880.0,0
1729,mongolia,2002,63.8,263.0,2,2.43,55.60878216,98.0,1205,39.8,2,98.0,5.81,98.0,0.1,571.51883,2443659.0,2.4,2.5,0.599,10.1,5.567339626194269,2.08,64.9,3.5,1.79556721143698,216000.0,0
1730,mongolia,2001,63.2,266.0,2,2.87,61.84921903,95.0,10677,39.1,3,95.0,5.45,95.0,0.1,524.145924,2419776.0,2.5,2.6,0.588,9.4,4.9684623527528,2.1,63.4,3.5,1.78165840784985,195000.0,0
1731,mongolia,2000,62.8,274.0,2,2.79,56.431387,93.0,925,38.5,3,94.0,4.92,94.0,0.1,474.21333610000005,2397436.0,2.6,2.6,0.5820000000000001,8.9,4.72312279765318,2.14,61.8,3.5,2.0224806081530904,154600.0,0
1754,morocco,2009,72.3,116.0,20,0.62,188.2902861,98.0,834,52.7,23,99.0,5.67,99.0,0.1,2861.5545,31989897.0,6.4,6.2,0.596,10.5,2.12096959529347,2.57,75.8,70.3,3.2886518464681203,25310761.0,0
1755,morocco,2008,71.8,123.0,21,0.51,171.3658969,97.0,1455,51.7,24,99.0,5.41,99.0,0.1,2884.94776,31596855.0,6.4,6.3,0.589,10.3,2.66604849874858,2.56,74.2,62.0,3.1835014275572204,22815694.0,0
1756,morocco,2007,71.4,128.0,21,0.56,157.6431445,95.0,2248,5.8,25,95.0,5.48,95.0,0.1,2494.353552,31225881.0,6.4,6.3,0.581,10.0,3.57509499424191,2.56,72.7,62.0,3.04695366406602,20029300.0,0
1757,morocco,2006,71.0,133.0,22,0.58,127.76320049999998,95.0,1217,49.9,25,97.0,5.23,97.0,0.1,2191.478567,3869346.0,6.4,6.3,0.575,10.0,3.5850197705858395,2.57,71.1,61.9,3.10979633409935,16004731.0,0
1758,morocco,2005,77.0,137.0,22,0.47,9.469371264,96.0,0,49.1,26,98.0,5.6,98.0,0.1,213.75555899999998,35217.0,6.5,6.3,0.569,9.8,2.67970595247575,2.59,69.5,61.9,3.25799678207968,12392805.0,0
1759,morocco,2004,72.0,142.0,23,0.56,100.3638322,95.0,6399,48.2,27,97.0,5.22,97.0,0.1,1948.812275,3179285.0,6.5,6.4,0.561,9.6,1.4982140186499098,2.61,67.9,56.9,3.24946757487646,9336878.0,0
1760,morocco,2003,69.9,146.0,24,0.58,88.16506179,9.0,10841,47.3,28,91.0,5.25,91.0,0.1,1721.973863,29843937.0,6.6,6.4,0.551,9.3,4.44227721589327,2.64,66.4,56.9,3.49420754151271,7359870.0,0
1761,morocco,2002,69.5,15.0,25,0.46,66.72933871,92.0,6000,46.5,29,94.0,5.31,94.0,0.1,1413.757176,29512368.0,6.6,6.5,0.54,8.8,1.13729089157408,2.68,65.0,56.4,3.49178799247956,6198670.0,0
1762,morocco,2001,69.0,155.0,26,0.46,71.11645,84.0,2724,45.7,30,93.0,4.44,96.0,0.1,1336.775376,29181832.0,6.7,6.5,0.53,8.5,7.15810245415447,2.72,63.5,56.4,3.72613588276971,4771739.0,0
1763,morocco,2000,68.6,16.0,27,0.45,63.42140024,43.0,7368,44.8,32,95.0,4.18,95.0,0.1,1332.382358,28849621.0,6.7,6.6,0.519,8.0,1.09774435707875,2.78,62.3,56.4,2.21096220697173,2342000.0,0
1770,mozambique,2009,53.8,4.0,70,1.18,39.75216936,74.0,60,2.1,101,74.0,5.43,74.0,11.3,463.85261799999995,2352463.0,3.7,3.6,0.382,9.2,7.816124995933219,5.6,37.9,20.8,0.772594872099085,5970781.0,0
1771,mozambique,2008,53.2,45.0,72,1.48,0.796915785,75.0,4,19.7,104,74.0,4.91,75.0,12.6,53.12771899999999,22846758.0,3.7,3.7,0.37200000000000005,8.8,5.10072096782636,5.64,35.7,20.8,0.7282373150250759,4405006.0,0
1778,mozambique,2001,49.5,48.0,90,2.09,37.82511936,25.0,7085,16.9,132,72.0,5.64,73.0,13.4,256.4414872,18588758.0,4.1,4.0,0.298,5.8,4.8094717177833,5.81,21.4,18.7,1.24217123946881,152652.0,0
1790,myanmar,2005,63.9,224.0,64,0.28,2.7938431880000003,62.0,314,16.4,87,86.0,1.83,73.0,0.5,247.24276,48482614.0,13.2,13.6,0.465,7.9,1.95966396539679,2.72,56.8,11.8,1.5604880536089,128700.0,0
1820,nepal,2008,67.0,189.0,27,0.21,70.27113179,82.0,2089,15.4,35,82.0,6.44,82.0,0.2,473.844449,26475859.0,17.0,17.6,0.49200000000000005,10.1,0.00793215735192788,2.87,84.4,53.9,1.5999716527681598,4200000.0,0
1821,nepal,2007,66.6,194.0,29,0.2,52.22906505,82.0,1415,14.9,38,82.0,5.84,82.0,0.2,393.8843518,26214847.0,17.2,17.8,0.486,10.0,0.0556064154566332,3.01,83.9,55.1,1.5473938885621101,3268895.0,0
1822,nepal,2006,66.0,21.0,31,0.2,45.87989927,69.0,2838,14.4,41,91.0,5.7,89.0,0.2,348.6314534,2594618.0,17.4,18.0,0.47600000000000003,9.6,-0.07350943325941099,3.15,83.3,55.9,1.7491098626311299,1157102.0,0
1823,nepal,2005,65.4,28.0,33,0.2,4.259752532,41.0,5023,13.9,44,78.0,5.72,75.0,0.2,317.89198,2564287.0,17.6,18.2,0.469,9.4,0.0301562963265729,3.29,82.8,56.1,1.9291613759865298,227316.0,0
1824,nepal,2004,64.7,218.0,35,0.21,31.93187316,27.0,12074,13.4,47,8.0,5.82,8.0,0.2,287.4156,2539449.0,17.8,18.4,0.46299999999999997,9.3,-0.00573755737053385,3.43,82.2,55.7,1.79329239841169,116778.0,0
1825,nepal,2003,64.3,22.0,38,0.2,2.79096532,2.0,13344,12.9,50,76.0,5.48,78.0,0.1,253.72412000000003,2495623.0,18.0,18.6,0.457,9.2,0.233443620739643,3.58,81.7,53.9,1.5922511011882499,81867.0,0
1867,nicaragua,2009,73.2,163.0,3,3.36,292.75310099999996,98.0,0,49.4,3,99.0,6.82,98.0,0.2,1464.497754,5666581.0,1.9,1.8,0.613,11.3,5.22851145196455,2.48,81.3,11.6,0.502751923976989,3344563.0,0
1868,nicaragua,2008,72.5,169.0,3,3.64,275.064434,97.0,0,48.6,3,97.0,6.98,97.0,0.2,1518.85386,559456.0,1.9,1.8,0.607,11.1,7.38260716390345,2.52,81.3,11.7,0.502059513250143,3108002.0,0
1869,nicaragua,2007,72.5,173.0,3,3.83,253.0007812,93.0,0,47.9,4,93.0,6.91,93.0,0.2,1344.31871,552216.0,2.0,1.9,0.601,11.0,5.14187108433735,2.57,81.3,12.0,0.531726907630522,2502281.0,0
1874,nicaragua,2002,75.0,197.0,4,3.5,2.0923438930000002,85.0,0,44.2,5,85.0,5.71,85.0,0.4,11.147277,5171734.0,2.2,2.1,0.5770000000000001,10.7,3.90298020611462,2.89,81.2,11.4,0.8651655823048889,237248.0,0
1875,nicaragua,2001,73.0,193.0,4,3.51,22.35595448,87.0,0,43.5,5,89.0,5.26,87.0,0.4,143.6758,5175.0,2.2,2.1,0.57,10.4,2.8216393846401604,2.98,81.2,11.4,0.683524520762284,164509.0,0
1876,nicaragua,2000,73.0,192.0,4,3.61,15.25518816,83.0,0,42.8,5,85.0,5.39,83.0,0.4,116.2743,526796.0,2.2,2.1,0.562,10.1,5.21799162791216,3.08,81.2,11.1,0.7827514413837281,90294.0,0
1951,pakistan,2006,64.2,179.0,365,0.03,40.36829999,78.0,7641,19.5,458,77.0,3.4,78.0,0.1,873.7727269999999,15793993.0,21.0,21.5,0.501,6.5,3.1129779824151402,4.02,87.8,65.4,3.6452552043777104,34506557.0,0
1953,pakistan,2004,63.7,183.0,364,0.01,28.98323119,65.0,4248,18.4,461,65.0,2.56,65.0,0.1,649.848233,15783.0,21.4,21.8,0.474,5.6,1.14107520857784,4.13,87.1,64.7,3.95603411669147,5022908.0,0
1954,pakistan,2003,63.5,185.0,366,0.01,24.23455671,63.0,4740,17.9,466,69.0,2.61,67.0,0.1,563.594342,1477341.0,21.6,22.0,0.465,5.6,0.641481501535796,4.21,86.8,60.0,4.09142718735613,2404400.0,0
1965,panama,2009,76.8,127.0,1,6.87,1092.155356,85.0,0,53.4,2,85.0,7.56,85.0,0.1,7429.628274,3579385.0,2.0,1.9,0.755,12.8,4.0030777269433795,2.63,92.8,42.0,0.0,6066683.0,0
1966,panama,2008,76.5,127.0,1,6.74,956.8229765000001,86.0,0,52.7,2,86.0,6.75,86.0,0.1,6973.9284,3516268.0,2.0,2.0,0.75,12.8,9.50075760790259,2.63,92.4,38.1,0.0,3915246.0,0
1967,panama,2007,76.4,124.0,1,6.16,76.2508038,85.0,0,51.9,2,84.0,6.31,85.0,0.2,668.8667,345387.0,2.1,2.0,0.743,12.9,10.443283480648,2.64,92.0,36.6,0.0,3010635.0,0
1968,panama,2006,76.2,125.0,1,5.72,631.1251711,88.0,0,51.1,2,98.0,7.0,88.0,0.1,5348.5183990000005,339195.0,2.1,2.0,0.7440000000000001,12.9,16.229490452043,2.64,91.6,34.1,0.0,2174451.0,0
1973,panama,2001,75.5,124.0,2,5.43,7.320514461,98.0,0,46.9,2,95.0,7.72,99.0,0.1,446.372833,389684.0,2.3,2.3,0.721,12.4,4.85361821800639,2.72,88.9,34.6,0.0,475141.0,0
1989,papuanewguinea,2001,59.1,331.0,11,0.68,93.37278497,59.0,4023,38.2,14,52.0,6.68,55.0,1.3,539.4152799999999,5716152.0,1.5,1.5,0.42200000000000004,6.6,2.05072450909515,4.48,34.0,3.5,0.5472948523052321,10700.0,0
1990,papuanewguinea,2000,58.9,335.0,11,0.73,62.56273841,57.0,7135,37.5,14,51.0,3.98,59.0,1.1,631.9468526,5572222.0,1.6,1.5,0.418,6.2,2.7403031391734505,4.53,34.0,3.5,0.6391076543176619,8560.0,0
2016,peru,2006,74.2,134.0,12,4.22,448.76704620000004,94.0,0,49.5,15,94.0,4.47,94.0,0.4,3171.49856,27949944.0,1.2,1.2,0.693,13.0,3.91065680458788,2.65,84.8,13.9,1.46915974197604,9120000.0,0
2018,peru,2004,72.2,151.0,14,4.27,356.9393805,92.0,0,48.1,18,81.0,4.56,86.0,0.4,2448.1438989999997,27273194.0,1.3,1.3,0.685,12.8,2.39489207548148,2.73,83.5,14.4,1.38222353551043,4092558.0,0
2019,peru,2003,72.1,152.0,15,4.5,34.70333523,65.0,0,47.4,19,95.0,4.6,94.0,0.4,218.25997,26937738.0,1.3,1.3,0.6859999999999999,13.3,2.27308642513175,2.77,82.8,13.1,1.5094994978724,2930343.0,0
2035,philippines,2003,67.2,217.0,67,4.44,0.9011492879999999,52.0,10511,19.2,87,85.0,3.25,84.0,0.1,11.553196,8331954.0,1.0,9.7,0.631,11.6,0.586355041604396,3.65,86.9,9.9,1.55084482917909,22509560.0,0
2036,philippines,2002,66.8,221.0,68,4.42,0.09987219,42.0,7003,18.7,89,77.0,2.79,79.0,0.1,1.68135,813526.0,1.0,9.7,0.625,11.4,2.17435110834916,3.71,86.4,9.5,1.4738901879336799,15383001.0,0
2045,poland,2009,75.7,136.0,2,10.7,1299.1597570000001,98.0,115,57.8,3,96.0,7.12,99.0,0.1,11527.59323,3815163.0,2.1,2.3,0.818,15.1,3.18897736349008,1.37,97.0,69.9,1.7971765213437,44806632.0,1
2046,poland,2008,75.5,14.0,2,11.4,15.71474837,98.0,0,57.2,3,96.0,6.88,99.0,0.1,141.44688,38125759.0,2.2,2.3,0.813,15.0,2.730155287158,1.36,97.0,68.2,1.75146123575018,43926365.0,1
2047,poland,2007,75.3,144.0,2,10.9,14.304245199999999,98.0,40,56.6,3,99.0,6.28,99.0,0.1,1126.31852,381256.0,2.2,2.4,0.8079999999999999,15.0,5.83386773380038,1.34,97.0,67.6,2.00186930839799,41388774.0,1
2048,poland,2006,75.2,144.0,2,10.4,9.145555900000002,98.0,120,56.0,3,99.0,6.17,99.0,0.1,94.7726,38141267.0,2.3,2.4,0.8029999999999999,15.0,6.228595881191669,1.32,97.1,66.8,1.9200447924144501,36745454.0,1
2049,poland,2005,75.0,144.0,2,9.5,79.41502672,98.0,13,55.5,3,99.0,6.2,99.0,0.1,821.251569,38165445.0,2.3,2.5,0.797,14.8,3.60669456257042,1.3,97.1,66.5,1.92612986992008,29166391.0,1
2066,portugal,2004,78.0,99.0,0,13.45,276.09997979999997,94.0,5,53.3,1,95.0,9.84,95.0,0.1,1845.5881,1483861.0,0.7,0.6,0.792,15.9,1.31466041462208,1.43,99.0,86.0,1.9659180234695,10571100.0,1
2070,portugal,2000,76.6,11.0,1,11.89,167.3280168,58.0,45,5.1,1,96.0,9.14,96.0,0.1,1152.39681,1289898.0,0.8,0.6,0.777,15.5,6.16392349483924,1.46,98.5,86.0,1.86235604736978,6664951.0,1
2130,romania,2004,71.7,165.0,4,9.82,431.32503669999994,99.0,117,53.4,4,97.0,5.43,97.0,0.1,3552.9245200000005,21451748.0,3.4,3.9,0.733,12.9,8.59379835488661,1.36,100.0,30.2,2.00765756131918,10215388.0,1
2131,romania,2003,71.1,174.0,4,8.78,375.1740323,98.0,9,52.9,4,97.0,5.3,97.0,0.1,2774.95586,21574326.0,3.5,4.0,0.722,12.5,3.18995235455216,1.33,100.0,30.2,2.08848713354877,7039898.0,1
2132,romania,2002,77.0,178.0,4,9.62,37.82275031,99.0,14,52.4,5,98.0,4.57,98.0,0.1,2124.8736129999998,2173496.0,3.7,4.1,0.7140000000000001,12.0,2.48338789596215,1.32,100.0,50.4,2.28729607547664,5110591.0,1
2133,romania,2001,78.0,179.0,4,9.78,180.1095132,98.0,10,51.9,5,99.0,4.36,99.0,0.1,1839.72945,2213197.0,3.8,4.2,0.708,11.7,2.86422829951768,1.31,100.0,50.5,2.4207451879196,3845116.0,1
2134,romania,2000,77.0,175.0,4,10.16,152.6368899,98.0,35,51.4,5,99.0,4.33,99.0,0.1,1668.1627310000001,22442971.0,4.0,4.3,0.703,11.5,2.78364907490871,1.31,100.0,49.5,2.49891418426016,2499000.0,1
2162,rwanda,2004,53.4,397.0,26,6.75,31.93566186,89.0,386,14.9,42,89.0,6.24,89.0,7.7,236.9114381,8818438.0,6.9,7.1,0.371,8.2,0.3686041256137729,5.24,48.7,19.0,1.97346600331675,137271.0,0
2255,senegal,2009,63.5,219.0,21,0.3,1.177477677,86.0,999,21.2,33,83.0,4.81,86.0,0.5,12.566464,1255917.0,1.6,1.5,0.444,7.5,2.03188574521947,5.08,70.9,32.0,1.6820420452041298,6901492.0,0
2271,serbia,2009,74.1,131.0,1,9.85,820.8109097999999,93.0,1,56.4,1,97.0,9.9,95.0,0.1,5821.35397,73287.0,2.3,2.3,0.754,13.6,6.485914487447371,1.58,90.8,63.2,2.2861684430770297,9912339.0,0
2272,serbia,2008,74.0,132.0,1,9.54,96.33237912,93.0,2,55.8,1,95.0,1.5,95.0,0.1,671.773913,735222.0,2.3,2.4,0.7490000000000001,13.5,7.770588520509991,1.58,91.6,47.7,2.2566833807349505,9618767.0,0
2287,seychelles,2009,72.3,182.0,0,4.94,75.22565820000001,99.0,0,32.4,0,99.0,2.64,99.0,0.1,976.9566,87298.0,5.8,6.2,0.7390000000000001,13.2,19.8550966251302,2.34,95.5,96.5,1.02087833561425,110668.0,0
2288,seychelles,2008,72.2,184.0,0,6.33,701.8526364,99.0,0,31.8,0,99.0,2.64,99.0,0.1,11122.8627,86956.0,5.9,6.3,0.7390000000000001,13.2,18.5923820972895,2.32,95.3,96.5,1.15019319695979,93476.0,0
2289,seychelles,2007,72.2,185.0,0,8.12,916.4741775,99.0,1,31.2,0,99.0,3.3,99.0,0.1,12154.829940000001,8533.0,5.9,6.3,0.733,13.1,17.021108108967,2.29,95.0,96.5,1.4682835893555901,77278.0,0
2290,seychelles,2006,72.2,185.0,0,8.12,102.373909,99.0,10,3.7,0,99.0,3.73,99.0,0.1,1214.39987,846.0,5.9,6.3,0.728,13.1,13.828529381106,2.27,94.7,96.0,1.41343002330889,70340.0,0
2291,seychelles,2005,72.2,185.0,0,7.82,21.465313199999997,99.0,0,3.1,0,99.0,3.91,99.0,0.1,1192.5174,82858.0,6.0,6.4,0.7120000000000001,12.1,8.78353315491568,2.25,94.5,96.0,1.60235235107661,58806.0,0
2293,seychelles,2003,72.1,185.0,0,7.41,843.1186662,99.0,0,28.7,0,99.0,4.64,99.0,0.1,8524.961236,82781.0,6.1,6.5,0.713,12.1,8.2790338677351,2.2,94.0,96.0,1.7343163749901598,49229.0,0
2407,southafrica,2001,56.0,429.0,52,7.38,365.2585722,72.0,1166,4.9,76,71.0,8.31,71.0,24.0,2681.781,45312937.0,15.4,18.1,0.629,13.0,5.983101184691219,2.79,85.0,17.3,1.48316101798605,10787000.0,0
2408,southafrica,2000,57.3,397.0,51,7.3,45.96380839,73.0,1459,4.1,73,71.0,8.7,73.0,21.3,337.2253,44896856.0,16.3,19.1,0.635,13.0,0.710488510732756,2.83,84.5,20.3,1.38728913141799,8339000.0,0
2437,spain,2003,79.4,83.0,2,12.09,3205.019918,81.0,256,59.3,2,99.0,7.99,98.0,0.1,21495.7741,42187645.0,0.6,0.5,0.83,15.6,3.3953808888729604,1.3,100.0,99.0,1.4204091741840401,37219839.0,1
2439,spain,2001,79.4,84.0,2,9.86,2044.1697609999999,83.0,0,58.2,2,95.0,7.24,96.0,0.1,15323.6114,485412.0,0.6,0.5,0.825,15.7,4.608644235814951,1.25,100.0,99.0,1.6329968207134,29655729.0,1
2440,spain,2000,79.1,86.0,2,11.12,1934.398154,77.0,152,57.6,2,95.0,7.21,95.0,0.1,14676.768999999998,4567864.0,0.6,0.5,0.82,15.7,6.78694390221214,1.23,100.0,99.0,1.7255179883945801,24265059.0,1
2453,srilanka,2003,73.9,146.0,5,1.69,72.4280894,32.0,65,15.6,5,98.0,3.95,99.0,0.1,989.4547732000001,1983.0,15.4,15.5,0.6970000000000001,12.7,1.2113274087665702,2.27,81.3,81.0,2.86891182725842,1393403.0,0
2584,thailand,2000,71.1,194.0,18,5.88,0.27564826,95.0,4074,18.7,21,97.0,3.4,97.0,0.8,27.564826,6295821.0,9.4,9.7,0.64,10.9,2.66312691222271,1.67,93.6,98.5,1.5326998433795902,3056000.0,0
2671,tunisia,2009,74.7,12.0,3,1.4,585.6307861,99.0,1,55.6,3,99.0,6.18,99.0,0.1,4129.9773350000005,1521834.0,6.3,6.3,0.706,14.4,3.5099461649864603,2.1,91.7,75.2,1.29495669893021,9797026.0,0
2672,tunisia,2008,74.7,12.0,3,1.37,53.08451654,99.0,2,54.7,3,99.0,5.63,99.0,0.1,431.9326,147336.0,6.3,6.3,0.701,14.3,5.797755001180849,2.06,91.2,75.2,1.2905735480369098,8602164.0,0
2676,tunisia,2004,74.0,15.0,3,1.36,379.76590539999995,96.0,1,51.4,4,97.0,5.63,97.0,0.1,3112.83529,11761.0,6.4,6.3,0.6729999999999999,13.6,1.89893492105977,2.0,89.6,65.8,1.58528870403078,3735695.0,0
2679,tunisia,2001,73.2,11.0,4,1.19,257.2878697,94.0,231,48.9,5,98.0,5.29,98.0,0.1,2254.9331260000004,978571.0,6.5,6.4,0.654,13.1,2.04619204027179,2.09,88.3,65.4,1.7240763749053898,389208.0,0
2680,tunisia,2000,72.9,112.0,4,1.21,264.7842196,94.0,47,48.1,5,97.0,5.4,97.0,0.1,2213.9148800000003,9699197.0,6.6,6.5,0.6459999999999999,12.8,3.4960827090655697,2.14,87.9,68.4,1.75327199190324,119165.0,0
2687,turkey,2009,73.9,118.0,23,1.4,106.9482898,94.0,4,61.1,27,96.0,6.8,96.0,0.1,936.4999109999999,71339185.0,4.9,4.8,0.7090000000000001,12.5,1.33175125736325,2.17,97.7,88.7,2.53659132775821,62779554.0,0
2688,turkey,2008,73.5,121.0,25,1.39,22.67271848,92.0,0,6.2,29,96.0,6.7,96.0,0.1,185.68975,74432.0,5.0,4.8,0.705,12.5,2.59715738780979,2.19,97.5,88.5,2.2408448754357795,65824110.0,0
2726,uganda,2003,51.0,53.0,109,10.16,4.426792406000001,44.0,29429,13.9,173,57.0,7.54,59.0,9.4,237.9995917,2662482.0,6.7,6.7,0.418,11.5,3.1908203328295897,6.72,30.3,23.0,2.26612315927789,776169.0,0
2736,ukraine,2009,69.2,231.0,5,8.71,324.54913480000005,66.0,0,58.0,6,74.0,7.8,71.0,0.3,2545.4834100000003,46533.0,2.5,2.6,0.7340000000000001,14.9,4.07212120282228,1.42,95.5,97.8,2.84031753607549,54942815.0,0
2737,ukraine,2008,67.7,273.0,5,9.46,456.45866639999997,84.0,48,57.6,6,91.0,6.63,9.0,0.4,3891.37823,462582.0,2.5,2.6,0.73,14.9,5.950501039454941,1.38,96.0,97.8,2.5575508745795097,55681476.0,0
2738,ukraine,2007,67.5,277.0,5,8.86,46.19685449,92.0,1005,57.2,6,98.0,6.36,98.0,0.7,368.68998,465935.0,2.5,2.7,0.723,14.8,7.148988857362291,1.34,96.4,97.8,2.75393885816383,55240400.0,0
2739,ukraine,2006,67.7,267.0,5,7.99,29.38172706,96.0,42724,56.8,6,99.0,6.39,98.0,0.8,233.18831,4678775.0,2.6,2.7,0.716,14.7,5.205859954159321,1.3,96.9,97.7,2.6692423958174802,49076239.0,0
2740,ukraine,2005,67.0,278.0,5,7.31,217.43452569999997,97.0,2392,56.4,6,95.0,6.41,96.0,0.9,1828.717626,471515.0,2.7,2.8,0.7070000000000001,14.5,9.072959700331731,1.25,97.3,97.4,2.69556661017876,30013500.0,0
2741,ukraine,2004,67.4,267.0,5,6.79,180.35378590000002,98.0,146,56.1,6,99.0,6.61,99.0,1.0,1367.352433,474516.0,2.7,2.8,0.7,14.6,2.6458004617490802,1.2,97.7,97.2,2.50682433490703,13735000.0,0
2742,ukraine,2003,67.6,256.0,6,5.92,21.22386354,77.0,411,55.7,6,99.0,6.93,97.0,0.9,148.52248799999998,4781295.0,2.8,2.9,0.691,14.3,2.8432121729493303,1.17,98.2,96.4,2.74557877088929,6498423.0,0
2743,ukraine,2002,67.6,256.0,6,4.89,115.738974,48.0,7587,55.4,7,99.0,6.25,99.0,0.9,879.4754859999999,48225.0,2.9,3.0,0.6829999999999999,13.9,1.6363020523959397,1.15,98.2,96.8,2.67619950627408,3692700.0,0
2744,ukraine,2001,67.7,253.0,6,4.31,8.897421459,7.0,16970,55.1,7,99.0,5.66,99.0,0.8,78.73824300000001,48683865.0,2.9,3.0,0.6729999999999999,13.2,2.08573084106652,1.14,98.1,96.7,2.7692671954540096,2224600.0,0
2745,ukraine,2000,67.5,257.0,6,4.49,7.883791474,4.0,817,54.8,8,99.0,5.59,99.0,0.7,635.789635,49175848.0,3.0,3.1,0.669,13.3,1.90329791979863,1.15,98.0,96.7,3.51108284883721,818524.0,0
2821,uruguay,2004,75.4,122.0,1,5.66,882.3563619999999,94.0,0,57.7,1,95.0,11.59,94.0,0.1,4117.388529999999,332496.0,1.7,1.6,0.75,15.5,2.5771173658484905,2.17,97.2,9.96,2.0407280132366004,599768.0,0
2935,zimbabwe,2002,44.8,73.0,25,4.43,0.0,73.0,304,26.3,40,73.0,6.53,71.0,39.8,57.34834,125525.0,1.2,1.3,0.42700000000000005,10.0,0.40838102561473,4.0,71.6,19.0,7.07926544880924,338779.0,0
